{
  "N_dsph": 31,
  "gc_multivariate": {
    "intercept": 2.752039753793877,
    "log_sigma": 3.9999989697605294,
    "log_rh": 1.5618045801015426e-06,
    "log_Mbar": -1.0000003374401343,
    "R2": 0.999999999995754,
    "scatter_dex": 1.762415703004485e-06
  },
  "gobs_multivariate": {
    "intercept": -0.09145617513239833,
    "log_sigma": 1.999999484880264,
    "log_rh": -0.9999992190977095,
    "log_Mbar": -1.6872006717497855e-07,
    "R2": 0.9999999999934425,
    "scatter_dex": 8.812078514260144e-07
  },
  "gobs_univariate": {
    "vs_sigma_slope": 0.7486744084289312,
    "vs_sigma_se": 0.3315855697267479,
    "vs_sigma_R2": 0.14950874216637955,
    "vs_rh_slope": -0.47360686517307077,
    "vs_rh_se": 0.13948756445147034,
    "vs_rh_R2": 0.2844504900799094,
    "vs_Mbar_slope": -0.007633289730595579,
    "vs_Mbar_se": 0.04878528299446434,
    "vs_Mbar_R2": 0.0008434927610785348
  },
  "strigari_null": {
    "log_gobs_mean": -0.6204116751612904,
    "log_gobs_std": 0.34980588825120873,
    "g_obs_const_a0": 0.23965601016919724,
    "g_obs_const_SI": 2.875872122030367e-11
  },
  "candidate_D_vs_Bernoulli": {
    "G_fit_a0": 0.24,
    "G_Bernoulli_a0": 0.22795315607725364,
    "D_resid_mean": -0.001245833745792683,
    "D_resid_std": 0.6996117765024175,
    "Bern_resid_mean": 0.04348543065324891,
    "Bern_resid_std": 0.6996117765024175
  }
}